{
    "accuracy": 0.8075601374570447,
    "precision": 0.8294573643410853,
    "recall": 0.7588652482269503,
    "f1_score": 0.7925925925925926,
    "roc_auc": 0.895579196217494
}