{
    "accuracy": 0.8876494023904382,
    "precision": 0.8845101258894362,
    "recall": 0.8840262582056893,
    "f1": 0.8842681258549931,
    "auc": 0.9551492924269861
}