{
    "accuracy": 0.9439575033200531,
    "precision": 0.9259624876604146,
    "recall": 0.9685080020650491,
    "f1": 0.9467575069391875,
    "auc": 0.9727649063667451,
    "threshold": 0.5
}