{
    "accuracy": 0.9107569721115538,
    "precision": 0.9010752688172043,
    "recall": 0.9168490153172867,
    "f1": 0.9088937093275488,
    "auc": 0.974510256899783
}