{
    "accuracy": 0.7903780068728522,
    "precision": 0.803030303030303,
    "recall": 0.75177304964539,
    "f1_score": 0.7765567765567766,
    "roc_auc": 0.8547990543735225
}