{
    "accuracy": 0.8487972508591065,
    "precision": 0.8818897637795275,
    "recall": 0.7943262411347518,
    "f1_score": 0.835820895522388,
    "roc_auc": 0.9197399527186761
}