{
    "accuracy": 0.7697594501718213,
    "precision": 0.7341772151898734,
    "recall": 0.8226950354609929,
    "f1_score": 0.7759197324414716,
    "roc_auc": 0.8416075650118203,
    "best_threshold": 0.36
}