{
    "accuracy": 0.8247422680412371,
    "precision": 0.835820895522388,
    "recall": 0.7943262411347518,
    "f1_score": 0.8145454545454546,
    "roc_auc": 0.89725768321513
}