{
    "accuracy": 0.7515555555555555,
    "precision": 0.72859450726979,
    "recall": 0.8017777777777778,
    "f1": 0.7634363097757089,
    "auc": 0.8273815308641976,
    "threshold": 0.5
}