{
    "accuracy": 0.9256308100929614,
    "precision": 0.9404572036150983,
    "recall": 0.9132679401135777,
    "f1": 0.926663174436878,
    "auc": 0.9720941608139998,
    "threshold": 0.33999999999999997
}