{
    "accuracy": 0.7405046480743692,
    "precision": 0.7605633802816901,
    "recall": 0.6794310722100656,
    "f1": 0.7177116440335163,
    "auc": 0.8080481558592377
}